post_title,post_image_url,snippet_summary,jump_link,jump_table
ARGUCOM Sivasagar Admission 2021 – Know All Details Here,https://blogger.googleusercontent.com/img/b/R29vZ2xl/AVvXsEjyFhyphenhyphenrVvhibB0t8hi8uB0ZDo79MyB-bjM2hpqIvAIE3Re45hwdHUuQwiGE21nJeJrAkuRhEEJsqHlVW4897ckg_2dtavTEpiAdU6DPaldPcierRwR5rzn0tLJiEWJS4Gb0sim4IhgzUq0/w360-h190-p-k-no-nu/argucom-sivasagar-admission.jpg,"ARGUCOM Sivasagar Admission  Assam Rajiv Gandhi University of Co-operative Management, ARGUCOM, Sivasagar  has released the official notification 2021  for  admission  into various PG and Law courses. In this article, you will know about ARGUCOM Sivasagar Admission...",https://www.assamcareer.com/2021/07/argucom-sivasagar-admission.html#more,"[{'jump_name': '1', 'jump_url': ''}, {'jump_name': '2', 'jump_url': ''}, {'jump_name': '3', 'jump_url': ''}, {'jump_name': '4', 'jump_url': ''}, {'jump_name': '5', 'jump_url': ''}]"
Tezpur University MBA (Executive) Programme 2021,https://blogger.googleusercontent.com/img/b/R29vZ2xl/AVvXsEjQu9L2IalAcrGuysHQX5E_Neu9dtaurooKk-iKmORchMXoPsQxuA7h6EP-0Z6izV7lN1io_BHvngZMIKWYFDtqJK88ZxmyFk8WIRUWkCe6iz8EvR9wjVX8qrRs2h9joSD_jizg69PSvim3/s1600/sun.gif,Tezpur University MBA (Executive) Programme 2021 Tezpur University  has released the official notification for admission in to its MBA (Executive) Programme  for the session 2021-22. Eligible professionals may apply online for this three semester programme that will be...,,[]
Kendriya Vidyalaya Admission 2021 - KV Admission for Class I & II to XI,https://blogger.googleusercontent.com/img/b/R29vZ2xl/AVvXsEjQu9L2IalAcrGuysHQX5E_Neu9dtaurooKk-iKmORchMXoPsQxuA7h6EP-0Z6izV7lN1io_BHvngZMIKWYFDtqJK88ZxmyFk8WIRUWkCe6iz8EvR9wjVX8qrRs2h9joSD_jizg69PSvim3/s1600/sun.gif,Kendriya Vidyalaya Admission 2021 Kendriya Vidyalaya Sangathan  has released the official notification of Kendriya Vidyalaya Admission Process  for Academic Session 2021-22 . Interested and eligible students may submit application for admission  into Kendriya Vidyalaya...,https://www.assamcareer.com/2021/04/kendriya-vidyalaya-admission.html#more,[]
MSSV Nagaon Admission 2020 – Online Application for UG and PG Courses,https://blogger.googleusercontent.com/img/b/R29vZ2xl/AVvXsEjQu9L2IalAcrGuysHQX5E_Neu9dtaurooKk-iKmORchMXoPsQxuA7h6EP-0Z6izV7lN1io_BHvngZMIKWYFDtqJK88ZxmyFk8WIRUWkCe6iz8EvR9wjVX8qrRs2h9joSD_jizg69PSvim3/s1600/sun.gif,"MSSV Nagaon Admission 2020 Mahapurusha Srimanta Sankaradeva Viswavidyalaya (MSSV), Nagaon  has released the official admission notification for various Under Graduate and Post Graduate Programmes  for the session 2020-21. In this article, we will discuss about the various...",,[]
Meghalaya D.El.Ed Admission 2020 – Download Admit Card,https://blogger.googleusercontent.com/img/b/R29vZ2xl/AVvXsEjQu9L2IalAcrGuysHQX5E_Neu9dtaurooKk-iKmORchMXoPsQxuA7h6EP-0Z6izV7lN1io_BHvngZMIKWYFDtqJK88ZxmyFk8WIRUWkCe6iz8EvR9wjVX8qrRs2h9joSD_jizg69PSvim3/s1600/sun.gif,"Directorate of Educational Research and Training, Meghalaya  has released official notification for Meghalaya D.El.Ed Admission 2020 . In this article, you will know about Meghalaya D.El.Ed admission process, qualification, selection process, application form, admit...",,[]
"RGIPT Sivasagar Admission 2020 – Check Eligibility Criteria, Application Form & Important Dates",https://blogger.googleusercontent.com/img/b/R29vZ2xl/AVvXsEjQu9L2IalAcrGuysHQX5E_Neu9dtaurooKk-iKmORchMXoPsQxuA7h6EP-0Z6izV7lN1io_BHvngZMIKWYFDtqJK88ZxmyFk8WIRUWkCe6iz8EvR9wjVX8qrRs2h9joSD_jizg69PSvim3/s1600/sun.gif,"Rajiv Gandhi Institute of Petroleum Technology (RGIPT)  Sivasagar has released RGIPT Admission notification 2020  . In this article, you will know about  RGIPT Sivasagar Admission Procedure, Admission Fee, Courses offered, Application Form  and other important details....",,[]
Sericulture Assam Admission 2020 – One Year Certificate Course,https://blogger.googleusercontent.com/img/b/R29vZ2xl/AVvXsEjQu9L2IalAcrGuysHQX5E_Neu9dtaurooKk-iKmORchMXoPsQxuA7h6EP-0Z6izV7lN1io_BHvngZMIKWYFDtqJK88ZxmyFk8WIRUWkCe6iz8EvR9wjVX8qrRs2h9joSD_jizg69PSvim3/s1600/sun.gif,"Sericulture Assam Admission 2020 Sericulture Department, Assam  has released the admission notification  for the One Year Certificate Course Training  in the Sericulture Training Institute, Assam, Titabor  for the session 2020-2021. Interested candidates may apply here...",https://www.assamcareer.com/2020/09/sericulture-assam-admission.html#more,[]
"RIO, Gauhati Medical College, Guwahati Admission 2020 : B. Sc Optometry Course",https://blogger.googleusercontent.com/img/b/R29vZ2xl/AVvXsEjQu9L2IalAcrGuysHQX5E_Neu9dtaurooKk-iKmORchMXoPsQxuA7h6EP-0Z6izV7lN1io_BHvngZMIKWYFDtqJK88ZxmyFk8WIRUWkCe6iz8EvR9wjVX8qrRs2h9joSD_jizg69PSvim3/s1600/sun.gif,"Directorate of Medical Education (DME), Assam  has released the official admission notification 2020  for 3 (Three) years Degree in B. Sc Optometry course  at Regional Institute of Ophthalmology, (RIO) Gauhati Medical College, Guwahati  under Srimanta Sankaradeva University...",,[]
"CMS, Dibrugarh University MBA Admission 2020, Online Application",https://blogger.googleusercontent.com/img/b/R29vZ2xl/AVvXsEjQu9L2IalAcrGuysHQX5E_Neu9dtaurooKk-iKmORchMXoPsQxuA7h6EP-0Z6izV7lN1io_BHvngZMIKWYFDtqJK88ZxmyFk8WIRUWkCe6iz8EvR9wjVX8qrRs2h9joSD_jizg69PSvim3/s1600/sun.gif,"Centre for Management Studies (CMS), Dibrugarh University  has released the official admission notification  for AICTE approved Two Year (Four Semester) MBA (FT) Programme and Three Year (Modular) MBA (PT) Programme  for the session 2020-2021. Eligible candidates may...",,[]
"Gauhati University B. Music Admission 2020, Details Inside",https://blogger.googleusercontent.com/img/b/R29vZ2xl/AVvXsEjQu9L2IalAcrGuysHQX5E_Neu9dtaurooKk-iKmORchMXoPsQxuA7h6EP-0Z6izV7lN1io_BHvngZMIKWYFDtqJK88ZxmyFk8WIRUWkCe6iz8EvR9wjVX8qrRs2h9joSD_jizg69PSvim3/s1600/sun.gif,"Gauhati University B. Music Admission 2020 Luit Konwar Rudra Barua State College of Music, Guwahati  has released official admission notification for First Semester Class of Bachelor of Music (B. Music) Degree Course of Gauhati University . Candidates may apply for admission...",,[]
Medical Colleges in Assam – Check All Details Here,https://blogger.googleusercontent.com/img/b/R29vZ2xl/AVvXsEjQu9L2IalAcrGuysHQX5E_Neu9dtaurooKk-iKmORchMXoPsQxuA7h6EP-0Z6izV7lN1io_BHvngZMIKWYFDtqJK88ZxmyFk8WIRUWkCe6iz8EvR9wjVX8qrRs2h9joSD_jizg69PSvim3/s1600/sun.gif,"Looking for the medical colleges in Assam ? Here is a list of medical Colleges in Assam. These colleges offer BAMS, BHMS, MBBS, BDS and MD courses in various medical disciplines.     Here is the complete list of medical colleges in Assam.    Medical Colleges in Assam...",,[]
Engineering Colleges in Assam – Check All Details Here,https://blogger.googleusercontent.com/img/b/R29vZ2xl/AVvXsEjQu9L2IalAcrGuysHQX5E_Neu9dtaurooKk-iKmORchMXoPsQxuA7h6EP-0Z6izV7lN1io_BHvngZMIKWYFDtqJK88ZxmyFk8WIRUWkCe6iz8EvR9wjVX8qrRs2h9joSD_jizg69PSvim3/s1600/sun.gif,Looking for the engineering colleges in Assam ? Here is a list of Engineering Colleges in Assam. These colleges offer B.E. and B.Tech courses in various engineering branches/streams.        Government Engineering Colleges in Assam   &nbsp;    &nbsp; ...,https://www.assamcareer.com/2013/05/engineering-colleges-in-assam.html#more,[]
"GPAT 2024 – Graduate Pharmacy Aptitude Test, Online Apply",https://blogger.googleusercontent.com/img/b/R29vZ2xl/AVvXsEjv9m4xf_hpiuHe_ntWpXAKk7lAmiL6IOISWGKNaKuIJnxilZyiTtqzv18Hgunl6ECNUKn_L_UVCv1XnlT_knvrApjq1iyCDTecT7dPYMw7i0da_fSCn1usd7aYZkq3kqLJ3ZaAN7yh6Hw/w360-h190-p-k-no-nu/CMAT-2020.png,"The GPAT 2020 will be conduct by National Testing Agency (NTA) on the same pattern as per the Year 2019 i.e., Computer Based Test on January 28, 2020 from 02.30 p.m. to 05.30 p.m. for admission to M. pharma or its equivalent courses across the country. The...",,[]
NPTI Guwahati Admission Notice 2019 – 26 Weeks’ PDC–T&D Course [60 seats],https://blogger.googleusercontent.com/img/b/R29vZ2xl/AVvXsEjQu9L2IalAcrGuysHQX5E_Neu9dtaurooKk-iKmORchMXoPsQxuA7h6EP-0Z6izV7lN1io_BHvngZMIKWYFDtqJK88ZxmyFk8WIRUWkCe6iz8EvR9wjVX8qrRs2h9joSD_jizg69PSvim3/s1600/sun.gif,"NPTI Guwahati Admission 2019 National Power Training Institute, (Ministry of Power, Govt. of India), North Eastern Region, Guwahati, Dakshingaon Road, Kahilipara, Guwahati – 781019, Assam invites applications from eligible candidates for 26 Weeks’ Post Diploma...",,[]
Directorate of Fisheries Admission – 12 months Fishery Demonstrator Training Course,https://blogger.googleusercontent.com/img/b/R29vZ2xl/AVvXsEjQu9L2IalAcrGuysHQX5E_Neu9dtaurooKk-iKmORchMXoPsQxuA7h6EP-0Z6izV7lN1io_BHvngZMIKWYFDtqJK88ZxmyFk8WIRUWkCe6iz8EvR9wjVX8qrRs2h9joSD_jizg69PSvim3/s1600/sun.gif,"Applications are invited from the intending candidates who are citizen of India for undergoing 12 months Fishery Demonstrator Training Course under Directorate of Fisheries, Assam, Guwahati additionally conducted by the Fishery Department for the session 2018-19....",,[]
"JEE Advanced 2024 – Joint Entrance Examination (Advanced), Online Apply",https://blogger.googleusercontent.com/img/b/R29vZ2xl/AVvXsEjrkzpxsq5FyFWWDVHy_4_CdeAEyuJVPjl8L8fFGR_LT7ELBjOVFAKb5IRgLgu2mfTab3SPccT1H7RQlkduGL1S1oPVi_9pNbTqcMErh2cdAVPIRHTLNG9ltJmwBH5WZTHTT4CsCwV9GX0fLJSPsn63Gv7J-bSy8lCE1GLG9BAb9rUgV_kc65Lde4tcZGY/w360-h190-p-k-no-nu/jee-advanced.jpg,JEE Advanced 2024 Indian Institute of Technology (IIT) Madras  has released the official notification of Joint Entrance Examination (Advanced) [JEE (Advanced) ] 2024 . Interested and eligible candidates may apply online  here . &amp;nbs...,https://www.assamcareer.com/2020/02/jee-advanced.html#more,"[{'jump_name': 'Online Application Form', 'jump_url': 'https://jeeadv.nic.in/applicant'}, {'jump_name': 'JEE Advanced Important Dates', 'jump_url': 'https://jeeadv.ac.in/imp_dates.html'}, {'jump_name': 'JEE Advanced Syllabus', 'jump_url': 'https://jeeadv.ac.in/documents/jee-advanced-2024-syllabus.pdf'}, {'jump_name': 'Official Notification', 'jump_url': 'https://jeeadv.ac.in/documents/IB_V.1.0_JEE_Adv_2024_English.pdf'}, {'jump_name': 'Official Website', 'jump_url': 'https://jeeadv.ac.in/'}]"
"AIIMS Admission 2024 – BSc Nursing Application Form, Online Apply",https://blogger.googleusercontent.com/img/b/R29vZ2xl/AVvXsEjQu9L2IalAcrGuysHQX5E_Neu9dtaurooKk-iKmORchMXoPsQxuA7h6EP-0Z6izV7lN1io_BHvngZMIKWYFDtqJK88ZxmyFk8WIRUWkCe6iz8EvR9wjVX8qrRs2h9joSD_jizg69PSvim3/s1600/sun.gif,"AIIMS Admission 2024 All India Institute of Medical Sciences, New Delh i has released the official admission notification for admission into B.Sc. (H) Nursing/ B.Sc. Nursing (Post-Basic)/ B.Sc. (Paramedical Courses) and M.Sc Nursing/ M.Sc courses/ M. Biotechnology  for...",https://www.assamcareer.com/2024/03/aiims-admission.html#more,"[{'jump_name': 'Category', 'jump_url': ''}, {'jump_name': 'General/ OBC- (NCL)', 'jump_url': ''}, {'jump_name': 'SC/ST/ EWS', 'jump_url': ''}, {'jump_name': 'PWBD', 'jump_url': ''}, {'jump_name': 'Mode of payment', 'jump_url': ''}]"
DHE Assam Student Unique ID – Online Registration & Correction Form,https://blogger.googleusercontent.com/img/b/R29vZ2xl/AVvXsEjQu9L2IalAcrGuysHQX5E_Neu9dtaurooKk-iKmORchMXoPsQxuA7h6EP-0Z6izV7lN1io_BHvngZMIKWYFDtqJK88ZxmyFk8WIRUWkCe6iz8EvR9wjVX8qrRs2h9joSD_jizg69PSvim3/s1600/sun.gif,"  DHE Assam Student Unique ID &nbsp; Directorate of Higher Education (DHE), Assam  makes it mandatory to generate Unique ID  for all aspiring students seeking Online Admission  starting from the Academic Session 2020-2021. In this regard, DHE has released a notification...",https://www.assamcareer.com/2021/07/dhe-assam-student-unique-id.html#more,"[{'jump_name': 'Generate Unique ID', 'jump_url': 'http://dheonlineadmission.amtron.in/sp/#registration'}, {'jump_name': 'Official Notification', 'jump_url': 'https://directorateofhighereducation.assam.gov.in/sites/default/files/swf_utility_folder/departments/dhe_medhassu_in_oid_4/menu/document/notice.pdf'}, {'jump_name': 'Forgot Unique ID?', 'jump_url': 'http://dheonlineadmission.amtron.in/sp/'}, {'jump_name': 'Update / Correction Form', 'jump_url': 'http://dheonlineadmission.amtron.in/sp/login'}, {'jump_name': 'Official Website', 'jump_url': 'https://directorateofhighereducation.assam.gov.in/'}]"
"GPAT 2024 – Graduate Pharmacy Aptitude Test, Online Apply",https://blogger.googleusercontent.com/img/b/R29vZ2xl/AVvXsEjv9m4xf_hpiuHe_ntWpXAKk7lAmiL6IOISWGKNaKuIJnxilZyiTtqzv18Hgunl6ECNUKn_L_UVCv1XnlT_knvrApjq1iyCDTecT7dPYMw7i0da_fSCn1usd7aYZkq3kqLJ3ZaAN7yh6Hw/w360-h190-p-k-no-nu/CMAT-2020.png,"The GPAT 2020  will be conduct by National Testing Agency (NTA)  on the same pattern as per the Year 2019 i.e., Computer Based Test on January 28, 2020  from 02.30 p.m. to 05.30 p.m. for admission to M. pharma or its equivalent courses across the country.   The...",,[]
Dibrugarh University B.Ed Admission 2024 – Check DU B.Ed CET Result,https://blogger.googleusercontent.com/img/b/R29vZ2xl/AVvXsEjuLCaedTr_bWh9dzCrxJwDk_dGZWP-4OSmWTN3fL5ajSg9C08UdRs6FY2FwAqPI9XGUA71vxmEdApjUnHhB4mNbvFlvc1qP-eDG5dEfmldw81fGODdO0TW_rS75NRn0kQLXsu-38hm_0ISIdBzupkQZQq-2dVyEQIPJ72V0lDjZIMOlJpiH8tPqQTk/w360-h190-p-k-no-nu/dibrugarh-university.webp,"DU B.Ed CET Result 2024 Dibrugarh University has released the results of the Dibrugarh University B.Ed. Common Entrance Test 2024. Candidates who applied online and appeared in the entrance examination conducted by the university on 13th July 2024, may now download their...",https://www.assamcareer.com/2022/05/dibrugarh-university-b-ed-admission.html#more,"[{'jump_name': 'DU B.Ed CET Merit List', 'jump_url': 'https://dibru.ac.in/wp-content/uploads/2024/07/RESULT-OF-ELIGIBLE-CANDIDATES-IN-ORDER-OF-MERIT.pdf'}, {'jump_name': 'DU B.Ed CET Scorecard', 'jump_url': 'https://erp.dibru.work/searchresult'}, {'jump_name': 'DU B.Ed CET Result Notice', 'jump_url': 'https://dibru.ac.in/wp-content/uploads/2024/07/BED-CET-2024-Result-Notification.pdf'}, {'jump_name': 'Official Website', 'jump_url': 'https://dibru.ac.in/'}]"
"DBHRGFTI Admission 2024 – Film Making, Acting & Sound Engineering Courses in Assam",https://blogger.googleusercontent.com/img/b/R29vZ2xl/AVvXsEjQu9L2IalAcrGuysHQX5E_Neu9dtaurooKk-iKmORchMXoPsQxuA7h6EP-0Z6izV7lN1io_BHvngZMIKWYFDtqJK88ZxmyFk8WIRUWkCe6iz8EvR9wjVX8qrRs2h9joSD_jizg69PSvim3/s1600/sun.gif,"DBHRGFTI Guwahati Admission 2024 &nbsp; Dr. Bhupen Hazarika Regional Government Film and Television Institute (DBHRGFTI) Guwahati  has released the official notification for Admission into various Diploma Courses of Acting, Film and Video Editing, Cinematography and Sound...",https://www.assamcareer.com/2020/10/dbhrgfti-admission.html#more,"[{'jump_name': 'Online Application Form', 'jump_url': 'https://forms.gle/9iABWSBhXoU96WNp8'}, {'jump_name': 'Extension Notice', 'jump_url': 'https://dbhrgfti.assam.gov.in/latest/extension-noticeadmission-dbhrgfti-2024-25'}, {'jump_name': 'Admission Notification', 'jump_url': 'https://dbhrgfti.assam.gov.in/node/94235'}, {'jump_name': 'Admission Prospectus', 'jump_url': 'https://dbhrgfti.assam.gov.in/node/94236'}, {'jump_name': 'QR Code for Fee Payment', 'jump_url': 'https://dbhrgfti.assam.gov.in/sites/default/files/swf_utility_folder/departments/jcft_medhassu_in_oid_12/latest/qr_code_for_dbhrgfti_admission_form2024-25.pdf'}, {'jump_name': 'Sample Question Paper', 'jump_url': 'https://dbhrgfti.assam.gov.in/sites/default/files/swf_utility_folder/departments/jcft_medhassu_in_oid_12/latest/sample_question_paper_dbhrgfti_admission_test.pdf'}, {'jump_name': 'Official Website', 'jump_url': 'https://dbhrgfti.assam.gov.in'}]"
SSUHS GNM Admission 2024 – Online Apply for GNMEE,https://blogger.googleusercontent.com/img/b/R29vZ2xl/AVvXsEjQu9L2IalAcrGuysHQX5E_Neu9dtaurooKk-iKmORchMXoPsQxuA7h6EP-0Z6izV7lN1io_BHvngZMIKWYFDtqJK88ZxmyFk8WIRUWkCe6iz8EvR9wjVX8qrRs2h9joSD_jizg69PSvim3/s1600/sun.gif,"  SSUHS GNM Admission 2024 &nbsp; Srimanta Sankaradeva University of Health Sciences  (SSUHS)  has released the official admission notification for admission into GNM courses  under Directorate of Health Service, Govt. of Assam in both Govt. and private GNM Training institutes...",https://www.assamcareer.com/2022/05/ssuhs-gnm-admission.html#more,"[{'jump_name': 'Category', 'jump_url': ''}, {'jump_name': 'General', 'jump_url': ''}, {'jump_name': 'SC/ST', 'jump_url': ''}, {'jump_name': 'OBC/MOBC/EWS', 'jump_url': ''}, {'jump_name': 'Tai Ahom/ Koch Rajbongshi/ Moran/Matak/ Chutia & TGL/ Ex-TGL Category', 'jump_url': ''}]"
Assam JMEE 2024 Exam – Submit Online Application,https://blogger.googleusercontent.com/img/b/R29vZ2xl/AVvXsEjQu9L2IalAcrGuysHQX5E_Neu9dtaurooKk-iKmORchMXoPsQxuA7h6EP-0Z6izV7lN1io_BHvngZMIKWYFDtqJK88ZxmyFk8WIRUWkCe6iz8EvR9wjVX8qrRs2h9joSD_jizg69PSvim3/s1600/sun.gif,"  Assam JMEE 2024 &nbsp; Assam Science and Technology University (ASTU)  has released the official notification of Assam Joint MCA Entrance Examination (JMEE) 2024 . Interested and eligible candidates may apply online  from 21st June 2024 to 5th July, 202...",https://www.assamcareer.com/2020/07/assam-jmee.html#more,"[{'jump_name': 'Online Application Link', 'jump_url': 'https://formonline.net/ASTU_Jmee_Jlee_24/?r'}, {'jump_name': 'Official Notification', 'jump_url': 'https://astu.ac.in/?page_id=34405'}, {'jump_name': 'Information Brochure', 'jump_url': 'https://astu.ac.in/?page_id=34422'}, {'jump_name': 'Official Website', 'jump_url': 'https://astu.ac.in/'}]"
Assam JLEE 2024 Notification – Submit Online Application,https://blogger.googleusercontent.com/img/b/R29vZ2xl/AVvXsEjQu9L2IalAcrGuysHQX5E_Neu9dtaurooKk-iKmORchMXoPsQxuA7h6EP-0Z6izV7lN1io_BHvngZMIKWYFDtqJK88ZxmyFk8WIRUWkCe6iz8EvR9wjVX8qrRs2h9joSD_jizg69PSvim3/s1600/sun.gif,"Assam JLEE 2024     Assam Science and Technology University (ASTU)  has released the official notification of Assam Joint Lateral Entrance Examination (JLEE) 2024 . Interested and eligible candidates may apply online  from 21st June 2024 to 5th July, 2024. &nbsp; &nbsp;...",https://www.assamcareer.com/2020/07/assam-jlee.html#more,"[{'jump_name': 'Online Application Link', 'jump_url': 'https://formonline.net/ASTU_Jmee_Jlee_24/?r'}, {'jump_name': 'Official Notification', 'jump_url': 'https://astu.ac.in/?page_id=34405'}, {'jump_name': 'Information Brochure', 'jump_url': 'https://astu.ac.in/?page_id=34418'}, {'jump_name': 'Official Website', 'jump_url': 'https://astu.ac.in/'}]"
Dibrugarh University PG Admission 2024 – DUPGET Postponed,https://blogger.googleusercontent.com/img/b/R29vZ2xl/AVvXsEjQu9L2IalAcrGuysHQX5E_Neu9dtaurooKk-iKmORchMXoPsQxuA7h6EP-0Z6izV7lN1io_BHvngZMIKWYFDtqJK88ZxmyFk8WIRUWkCe6iz8EvR9wjVX8qrRs2h9joSD_jizg69PSvim3/s1600/sun.gif,Dibrugarh University PG Admission 2024 Dibrugarh University  has released the official notification of Post Graduate Entrance Test (DUPGET) 2024  for the admission into various Post Graduate Programmes conducted by Dibrugarh University and its Affiliated and autonomous...,https://www.assamcareer.com/2020/07/dibrugarh-university-pg-admission.html#more,"[{'jump_name': 'Course', 'jump_url': ''}, {'jump_name': 'MA', 'jump_url': ''}, {'jump_name': 'MSc', 'jump_url': ''}, {'jump_name': 'MCom', 'jump_url': ''}, {'jump_name': 'MEd', 'jump_url': ''}, {'jump_name': 'MCA', 'jump_url': ''}, {'jump_name': 'MTTM', 'jump_url': ''}]"
IOCL Admission 2024 – B.Sc (Nursing) & GNM Course @ Digboi,https://blogger.googleusercontent.com/img/b/R29vZ2xl/AVvXsEjQu9L2IalAcrGuysHQX5E_Neu9dtaurooKk-iKmORchMXoPsQxuA7h6EP-0Z6izV7lN1io_BHvngZMIKWYFDtqJK88ZxmyFk8WIRUWkCe6iz8EvR9wjVX8qrRs2h9joSD_jizg69PSvim3/s1600/sun.gif,"IOCL Admission 2024 Indian Oil Corporation Limited  has released the official IOCL Nursing Admission 2024 notification for admission into B.Sc (Nursing) at Assam Oil College of Nursing  and  GNM Course  at Assam Oil School of Nursing at IOCL (AOD), Digboi . Interested...",https://www.assamcareer.com/2023/07/iocl-admission.html#more,"[{'jump_name': 'Online Application Form - GNM', 'jump_url': ''}, {'jump_name': 'Online Application Form -B. Sc (Nursing)', 'jump_url': 'https://aocnadmission.in/'}, {'jump_name': 'Advertisement Details', 'jump_url': 'https://iocl.com/admin/img/UploadedFiles/LatestJobOpening/Files/7f20a54438ce489e993c85151153617a.pdf'}, {'jump_name': 'Official Website', 'jump_url': 'https://iocl.com'}]"
BSSRV Golaghat Admission 2024 – Submit Online Application,https://blogger.googleusercontent.com/img/b/R29vZ2xl/AVvXsEjQu9L2IalAcrGuysHQX5E_Neu9dtaurooKk-iKmORchMXoPsQxuA7h6EP-0Z6izV7lN1io_BHvngZMIKWYFDtqJK88ZxmyFk8WIRUWkCe6iz8EvR9wjVX8qrRs2h9joSD_jizg69PSvim3/s1600/sun.gif,"BSSRV Golaghat Admission 2024 Birangana Sati Sadhani Rajyik Vishwavidyalaya  has released the official admission notification 2024 for various Under Graduate (UG) and Post Graduate (PG) academic programmes conducted by BSSRV in the Academic Session 2024-25. Accordingly,...",https://www.assamcareer.com/2021/06/bssrv-golaghat-admission.html#more,"[{'jump_name': 'Account Name', 'jump_url': ''}, {'jump_name': 'Account Number', 'jump_url': ''}, {'jump_name': 'IFSC Code', 'jump_url': ''}, {'jump_name': 'Bank Name and Branch', 'jump_url': ''}]"
SAMARTH Admission Portal – Assam College Admission Online,https://blogger.googleusercontent.com/img/b/R29vZ2xl/AVvXsEjQu9L2IalAcrGuysHQX5E_Neu9dtaurooKk-iKmORchMXoPsQxuA7h6EP-0Z6izV7lN1io_BHvngZMIKWYFDtqJK88ZxmyFk8WIRUWkCe6iz8EvR9wjVX8qrRs2h9joSD_jizg69PSvim3/s1600/sun.gif,"SAMARTH Admission Portal In a bid to streamline the admission process for Under Graduate Programmes  in all Higher Education Institutes of Assam, Govt. of Assam had launched a common online admission portal called SAMARTH from the academic session 2023 – 2024. SAMARTH...",https://www.assamcareer.com/2023/06/samarth-admission-portal.html#more,"[{'jump_name': 'Email', 'jump_url': ''}, {'jump_name': 'Whatsapp No', 'jump_url': ''}, {'jump_name': 'Contact Person Details', 'jump_url': 'https://assamadmission.samarth.ac.in/index.php/site/contact'}]"
AAU Jorhat Admission 2024 – Download CETUG 2024 Admit Card,https://blogger.googleusercontent.com/img/b/R29vZ2xl/AVvXsEjQu9L2IalAcrGuysHQX5E_Neu9dtaurooKk-iKmORchMXoPsQxuA7h6EP-0Z6izV7lN1io_BHvngZMIKWYFDtqJK88ZxmyFk8WIRUWkCe6iz8EvR9wjVX8qrRs2h9joSD_jizg69PSvim3/s1600/sun.gif," AAU Admission 2024 &nbsp; Assam Agricultural University (AAU), Jorhat  has released the AAU Official Admission Notification  for the 2024-2025  session. In this article, we will discuss about AAU Admission notification 2024 , various UG and PG courses it offers, course...",https://www.assamcareer.com/2021/07/aau-admission.html#more,"[{'jump_name': 'Faculty', 'jump_url': ''}, {'jump_name': 'Faculty of Agriculture', 'jump_url': ''}, {'jump_name': 'Faculty of Community Science', 'jump_url': ''}, {'jump_name': 'Faculty of Fisheries Science', 'jump_url': ''}, {'jump_name': 'College of Horticulture & FSR', 'jump_url': ''}, {'jump_name': 'College of Sericulture', 'jump_url': ''}, {'jump_name': 'Faculty of Veterinary Science', 'jump_url': ''}]"
"Polytechnic Admission 2024 – Assam Polytechnic Admission, Online Apply",https://blogger.googleusercontent.com/img/b/R29vZ2xl/AVvXsEjQu9L2IalAcrGuysHQX5E_Neu9dtaurooKk-iKmORchMXoPsQxuA7h6EP-0Z6izV7lN1io_BHvngZMIKWYFDtqJK88ZxmyFk8WIRUWkCe6iz8EvR9wjVX8qrRs2h9joSD_jizg69PSvim3/s1600/sun.gif,"Polytechnic Admission 2024 Directorate of Technical Education (DTE), Assam  has released the official notification  of Polytechnic Admission 2024 . Intending and eligible candidates may apply online  here for admission into Diploma Courses in the following State Government...",https://www.assamcareer.com/2021/05/polytechnic-admission-test.html#more,"[{'jump_name': 'Category', 'jump_url': ''}, {'jump_name': 'General', 'jump_url': ''}, {'jump_name': 'OBC/ MOBC', 'jump_url': ''}, {'jump_name': 'SC', 'jump_url': ''}, {'jump_name': 'ST', 'jump_url': ''}]"
"JEE Advanced 2024 – Joint Entrance Examination (Advanced), Online Apply",https://blogger.googleusercontent.com/img/b/R29vZ2xl/AVvXsEjrkzpxsq5FyFWWDVHy_4_CdeAEyuJVPjl8L8fFGR_LT7ELBjOVFAKb5IRgLgu2mfTab3SPccT1H7RQlkduGL1S1oPVi_9pNbTqcMErh2cdAVPIRHTLNG9ltJmwBH5WZTHTT4CsCwV9GX0fLJSPsn63Gv7J-bSy8lCE1GLG9BAb9rUgV_kc65Lde4tcZGY/w360-h190-p-k-no-nu/jee-advanced.jpg,JEE Advanced 2024 Indian Institute of Technology (IIT) Madras  has released the official notification of Joint Entrance Examination (Advanced) [JEE (Advanced) ] 2024 . Interested and eligible candidates may apply online  here . &amp;nbs...,https://www.assamcareer.com/2020/02/jee-advanced.html#more,"[{'jump_name': 'Online Application Form', 'jump_url': 'https://jeeadv.nic.in/applicant'}, {'jump_name': 'JEE Advanced Important Dates', 'jump_url': 'https://jeeadv.ac.in/imp_dates.html'}, {'jump_name': 'JEE Advanced Syllabus', 'jump_url': 'https://jeeadv.ac.in/documents/jee-advanced-2024-syllabus.pdf'}, {'jump_name': 'Official Notification', 'jump_url': 'https://jeeadv.ac.in/documents/IB_V.1.0_JEE_Adv_2024_English.pdf'}, {'jump_name': 'Official Website', 'jump_url': 'https://jeeadv.ac.in/'}]"
"AIIMS Admission 2024 – BSc Nursing Application Form, Online Apply",https://blogger.googleusercontent.com/img/b/R29vZ2xl/AVvXsEjQu9L2IalAcrGuysHQX5E_Neu9dtaurooKk-iKmORchMXoPsQxuA7h6EP-0Z6izV7lN1io_BHvngZMIKWYFDtqJK88ZxmyFk8WIRUWkCe6iz8EvR9wjVX8qrRs2h9joSD_jizg69PSvim3/s1600/sun.gif,"AIIMS Admission 2024 All India Institute of Medical Sciences, New Delh i has released the official admission notification for admission into B.Sc. (H) Nursing/ B.Sc. Nursing (Post-Basic)/ B.Sc. (Paramedical Courses) and M.Sc Nursing/ M.Sc courses/ M. Biotechnology  for...",https://www.assamcareer.com/2024/03/aiims-admission.html#more,"[{'jump_name': 'Category', 'jump_url': ''}, {'jump_name': 'General/ OBC- (NCL)', 'jump_url': ''}, {'jump_name': 'SC/ST/ EWS', 'jump_url': ''}, {'jump_name': 'PWBD', 'jump_url': ''}, {'jump_name': 'Mode of payment', 'jump_url': ''}]"
DHE Assam Student Unique ID – Online Registration & Correction Form,https://blogger.googleusercontent.com/img/b/R29vZ2xl/AVvXsEjQu9L2IalAcrGuysHQX5E_Neu9dtaurooKk-iKmORchMXoPsQxuA7h6EP-0Z6izV7lN1io_BHvngZMIKWYFDtqJK88ZxmyFk8WIRUWkCe6iz8EvR9wjVX8qrRs2h9joSD_jizg69PSvim3/s1600/sun.gif,"  DHE Assam Student Unique ID &nbsp; Directorate of Higher Education (DHE), Assam  makes it mandatory to generate Unique ID  for all aspiring students seeking Online Admission  starting from the Academic Session 2020-2021. In this regard, DHE has released a notification...",https://www.assamcareer.com/2021/07/dhe-assam-student-unique-id.html#more,"[{'jump_name': 'Generate Unique ID', 'jump_url': 'http://dheonlineadmission.amtron.in/sp/#registration'}, {'jump_name': 'Official Notification', 'jump_url': 'https://directorateofhighereducation.assam.gov.in/sites/default/files/swf_utility_folder/departments/dhe_medhassu_in_oid_4/menu/document/notice.pdf'}, {'jump_name': 'Forgot Unique ID?', 'jump_url': 'http://dheonlineadmission.amtron.in/sp/'}, {'jump_name': 'Update / Correction Form', 'jump_url': 'http://dheonlineadmission.amtron.in/sp/login'}, {'jump_name': 'Official Website', 'jump_url': 'https://directorateofhighereducation.assam.gov.in/'}]"
NERIST Entrance Exam 2024 – NEE Online Application,https://blogger.googleusercontent.com/img/b/R29vZ2xl/AVvXsEjQu9L2IalAcrGuysHQX5E_Neu9dtaurooKk-iKmORchMXoPsQxuA7h6EP-0Z6izV7lN1io_BHvngZMIKWYFDtqJK88ZxmyFk8WIRUWkCe6iz8EvR9wjVX8qrRs2h9joSD_jizg69PSvim3/s1600/sun.gif,"NERIST Entrance Exam 2024 North Eastern Regional Institute of Science and Technology (NERIST) , Nirjuli (Itanagar) has released the official notification of NERIST Entrance Examination (NEE)  for the academic session 2024 – 2025. Interested and eligible candidates may...",https://www.assamcareer.com/2021/02/nerist-entrance-exam.html#more,"[{'jump_name': 'Category', 'jump_url': ''}, {'jump_name': 'SC/ST/PH', 'jump_url': ''}, {'jump_name': 'UR/ OBC/ EWS', 'jump_url': ''}]"
AIMCMR Guwahati Admission 2023 – 2 Year Mass Communication Course,https://blogger.googleusercontent.com/img/b/R29vZ2xl/AVvXsEjQu9L2IalAcrGuysHQX5E_Neu9dtaurooKk-iKmORchMXoPsQxuA7h6EP-0Z6izV7lN1io_BHvngZMIKWYFDtqJK88ZxmyFk8WIRUWkCe6iz8EvR9wjVX8qrRs2h9joSD_jizg69PSvim3/s1600/sun.gif,AIMCMR Guwahati Admission 2023 Assam Institute of Mass Communication and Media Research (AIMCMR) Guwahati  has released the official  admission notification 2023 for admission into 2 year M.A. in Mass Communication (MAMC) course . Interested and eligible candidates may...,https://www.assamcareer.com/2020/12/aimcmr-guwahati-admission.html#more,"[{'jump_name': 'Online Application Form', 'jump_url': 'http://aimcmr.in/apply.php'}, {'jump_name': 'Information Brouchre', 'jump_url': 'http://aimcmr.in/asset/Prospectus.pdf'}, {'jump_name': 'Official Website', 'jump_url': 'http://aimcmr.in'}]"
Assam NEET Merit List 2023 – Online MBBS/ BDS Counselling,https://blogger.googleusercontent.com/img/b/R29vZ2xl/AVvXsEjQu9L2IalAcrGuysHQX5E_Neu9dtaurooKk-iKmORchMXoPsQxuA7h6EP-0Z6izV7lN1io_BHvngZMIKWYFDtqJK88ZxmyFk8WIRUWkCe6iz8EvR9wjVX8qrRs2h9joSD_jizg69PSvim3/s1600/sun.gif,"Assam NEET Merit List 2023 Directorate of Medical Education (DME), Assam  has today (1st July 2023) released the Assam NEET Merit List 2023  for the admission into various Govt. medical and dental colleges  for the academic session 2023-2024.&nbsp;&amp;nbs...",https://www.assamcareer.com/2020/11/assam-neet-merit-list.html#more,"[{'jump_name': 'Provisional Selection List (Round 1)', 'jump_url': 'https://dme.assam.gov.in/sites/default/files/swf_utility_folder/departments/dme_lipl_in_oid_8/latest/admission_notice_mbbs-bds_courses_after_1st_round_counselling_session_2023.pdf'}, {'jump_name': 'Online Choice Form', 'jump_url': 'https://smbform.in/PREF_UG_ASSAM_23/'}, {'jump_name': 'Online Registration Form', 'jump_url': 'https://smbform.in/DMEA_ASSAM_UG2023/'}, {'jump_name': 'Counselling Notification', 'jump_url': 'https://blogger.googleusercontent.com/img/b/R29vZ2xl/AVvXsEjd0m7SZdhQ8ONYqBDR-TOEcmBrPFmVmF8LJxqTQsl22PWks_zIdC7Z2iuTiM4lCJCHLFnb1deeEfyELoFgXJksVyHppGTult5DtkJzWK-ANFBTe0RY4T9FJQD2Yv1yZsDfYFSa0ZcROFyywMZYwuRi8ikMIBAlpJV9Q91u3wIlkzGtmSpz07_QAt6eBv4/s962/neet-counselling.png'}, {'jump_name': 'PWD Quota Counselling', 'jump_url': 'https://blogger.googleusercontent.com/img/b/R29vZ2xl/AVvXsEiTd21WMz_fhaQMSRXd7G8XtsWVvNUKeJncOQJukX8m5zANWiYrKlSirjA7kbItne0X0FnB7VQT5z7Qyxfib85E1b6sebycOtMvRf5cX1rHLxN4XF6c4rjm17e5QvoUoz9HHt1PL6lopQDp9rF2nWQ2xg719sYLkXoyJW8W9B08WsYLTBKDtQzijru9SJA/s584/PWD%20Quota%20Counselling.png'}, {'jump_name': 'NRI Quota Counselling', 'jump_url': 'https://blogger.googleusercontent.com/img/b/R29vZ2xl/AVvXsEhd25s9Tbh737YMWwGCb_alINRXDenlxs-WlEJyRlU2YjJTvQo9ncyacmJ7of6qHe7dI5DNcQXWo0LvniPt0PhQW4U1hmB4hMUoJea0JM-qqubpFM6yw1PDRduuWFGLhemcspOHBhcRKrleyWwziq9flc5OixhRjvJf9jkij6awuvFQ8reZjkFW9pBcQ0U/s625/NRI%20Quota%20Counselling.png'}, {'jump_name': 'Special Quota Form', 'jump_url': 'https://dme.assam.gov.in/sites/default/files/swf_utility_folder/departments/dme_lipl_in_oid_8/menu/document/neet-ug23-_special_quota_0.pdf'}, {'jump_name': 'Category Change/ Name Inclusion Form', 'jump_url': 'https://dme.assam.gov.in/sites/default/files/swf_utility_folder/departments/dme_lipl_in_oid_8/menu/document/educational_notice-mbbs-bds_session_2023_0.pdf'}, {'jump_name': 'NEETMerit List 2023', 'jump_url': 'https://dme.assam.gov.in/sites/default/files/swf_utility_folder/departments/dme_lipl_in_oid_8/menu/document/provisional_state_merit_list_of_neet-ug_2023.pdf'}, {'jump_name': 'Official Notification', 'jump_url': 'https://dme.assam.gov.in/sites/default/files/swf_utility_folder/departments/dme_lipl_in_oid_8/menu/document/educational_notice-mbbs-bds_session_2023_0.pdf'}, {'jump_name': 'Official Website', 'jump_url': 'https://dme.assam.gov.in/'}]"
VKNRL School of Nursing Admission 2023 – 3 Year GNM Course,https://blogger.googleusercontent.com/img/b/R29vZ2xl/AVvXsEjQu9L2IalAcrGuysHQX5E_Neu9dtaurooKk-iKmORchMXoPsQxuA7h6EP-0Z6izV7lN1io_BHvngZMIKWYFDtqJK88ZxmyFk8WIRUWkCe6iz8EvR9wjVX8qrRs2h9joSD_jizg69PSvim3/s1600/sun.gif,"VKNRL School of Nursing Admission 2023 VKNRL School of Nursing, Numaligarh  is a joint venture project of Vivekananda Kendra and Numaligarh Refinery Limited (NRL) as a part of its Skill Development Initiatives for women under its Corporate Social Responsibility. VKNRLSON...",https://www.assamcareer.com/2021/10/vknrl-school-of-nursing-admission.html#more,"[{'jump_name': 'Online Application Form', 'jump_url': 'https://vknrlnursingadmission.in/student/register'}, {'jump_name': 'Admission Notification', 'jump_url': 'https://vknrlnursingadmission.in/public/notifications-23-24/Admission%20Notice%20GNM%20Session%202023-24.jpg'}, {'jump_name': 'Download Prospectus', 'jump_url': 'https://vknrlnursingadmission.in/public/notifications-23-24/5.%20Prospectus%20GNM%20session%20%202023-24.pdf'}, {'jump_name': 'Syllabus for Entrance Exam', 'jump_url': 'https://vknrlnursingadmission.in/public/notifications-23-24/4.%20Syllabus%20for%20Entrance%20Exam%202023.pdf'}, {'jump_name': 'Official Website', 'jump_url': 'https://vknrlnursingadmission.in/'}]"
VFA Training Course Admission – Check VFA PAT Result,https://blogger.googleusercontent.com/img/b/R29vZ2xl/AVvXsEjQu9L2IalAcrGuysHQX5E_Neu9dtaurooKk-iKmORchMXoPsQxuA7h6EP-0Z6izV7lN1io_BHvngZMIKWYFDtqJK88ZxmyFk8WIRUWkCe6iz8EvR9wjVX8qrRs2h9joSD_jizg69PSvim3/s1600/sun.gif,VFA PAT Result 2023 The Personality Assessment Test (PAT) for selection of candidates for 1(One) year Elementary Knowledge on Animal Husbandry &amp; Veterinary Science Course (VFA Training Course in short) for the Session 2022-23 was held on 20/01/2023. The candidates...,https://www.assamcareer.com/2021/01/assam-vfa-training-course-admission.html#more,"[{'jump_name': 'Check VFA PAT Result', 'jump_url': 'http://animalhusbandryvfa.in/pdf/result_2022_23.pdf'}, {'jump_name': 'Official Website', 'jump_url': 'https://animalhusbandry.assam.gov.in/'}]"
"OIL India Nursing Admission 2023 – GNM Nursing Admission, Online Apply",https://blogger.googleusercontent.com/img/b/R29vZ2xl/AVvXsEjQu9L2IalAcrGuysHQX5E_Neu9dtaurooKk-iKmORchMXoPsQxuA7h6EP-0Z6izV7lN1io_BHvngZMIKWYFDtqJK88ZxmyFk8WIRUWkCe6iz8EvR9wjVX8qrRs2h9joSD_jizg69PSvim3/s1600/sun.gif,"OIL India Nursing Admission 2023 &nbsp; Oil India Limited  has released the official OIL India Nursing Admission 2023 notification for admission into 3 year General Nursing and Midwifery Course  in the School of Nursing, Oil India Hospital Duliajan for the session 2023-2024...",https://www.assamcareer.com/2020/10/oil-india-nursing-admission.html#more,"[{'jump_name': 'Online Application Form', 'jump_url': 'https://formonline.net/Oil_India_Limited_Gnm_2023_2024/'}, {'jump_name': 'Official Notification', 'jump_url': 'https://formonline.net/Oil_India_Limited_Gnm_2023_2024/Pdf/Adv.pdf'}, {'jump_name': 'Information Brochure', 'jump_url': 'https://formonline.net/Oil_India_Limited_Gnm_2023_2024/Pdf/ib.pdf'}, {'jump_name': 'Official Website', 'jump_url': 'http://www.dugnm.in/'}]"
Bodoland University B.Ed Admission 2023 – BUCET Application Form ,https://blogger.googleusercontent.com/img/b/R29vZ2xl/AVvXsEjQu9L2IalAcrGuysHQX5E_Neu9dtaurooKk-iKmORchMXoPsQxuA7h6EP-0Z6izV7lN1io_BHvngZMIKWYFDtqJK88ZxmyFk8WIRUWkCe6iz8EvR9wjVX8qrRs2h9joSD_jizg69PSvim3/s1600/sun.gif,"Bodoland University B.Ed Admission 2023 Bodoland University  has released the official notification of Bodoland University Common Entrance Test (BUCET) 2023  for admission in to Bodoland University B.Ed. Course, 2023-2024 session. All the interested and eligible candidates...",https://www.assamcareer.com/2023/06/bodoland-university-b-ed-admission.html#more,"[{'jump_name': 'Online Application Form', 'jump_url': 'https://bodolanduniversity.qwertcorp.in/?at=385ae975e68edfcca6ebdaa8abf56db9df15211e&req=RSJ9RDIzYjQ6NToyeDIybTcgNS0ycjA2QTMtRDAybCIySCI6dW1wZ3RhYmVzYWltcCJ0QiIsRGluMG9nWiJsdiI6UmdlaHBhdiwibmUiWGFnRyJwRyI6UXBlZHR5VXsi'}, {'jump_name': 'Official Notification', 'jump_url': 'https://buniv.edu.in/images/content/1687758937INFORMATION%20BROCHURE%20-%202023.pdf'}, {'jump_name': 'Official Website', 'jump_url': 'https://buniv.edu.in'}]"
"GPAT 2024 – Graduate Pharmacy Aptitude Test, Online Apply",https://blogger.googleusercontent.com/img/b/R29vZ2xl/AVvXsEjv9m4xf_hpiuHe_ntWpXAKk7lAmiL6IOISWGKNaKuIJnxilZyiTtqzv18Hgunl6ECNUKn_L_UVCv1XnlT_knvrApjq1iyCDTecT7dPYMw7i0da_fSCn1usd7aYZkq3kqLJ3ZaAN7yh6Hw/w360-h190-p-k-no-nu/CMAT-2020.png,"    The GPAT 2020  will be conduct by National Testing Agency (NTA)  on the same pattern as per the Year 2019 i.e., Computer Based Test on January 28, 2020  from 02.30 p.m. to 05.30 p.m. for admission to M. pharma or its equivalent courses across the country.&nbsp;   The...",,[]
NPTI Guwahati Admission Notice 2019 – 26 Weeks’ PDC–T&D Course [60 seats],https://blogger.googleusercontent.com/img/b/R29vZ2xl/AVvXsEjQu9L2IalAcrGuysHQX5E_Neu9dtaurooKk-iKmORchMXoPsQxuA7h6EP-0Z6izV7lN1io_BHvngZMIKWYFDtqJK88ZxmyFk8WIRUWkCe6iz8EvR9wjVX8qrRs2h9joSD_jizg69PSvim3/s1600/sun.gif,"   NPTI Guwahati Admission 2019  &nbsp; National Power Training Institute , (Ministry of Power, Govt. of India), North Eastern Region, Guwahati, Dakshingaon Road, Kahilipara, Guwahati  – 781019, Assam invites applications from eligible candidates for 26 Weeks’ Post Diploma...",,[]
Directorate of Fisheries Admission – 12 months Fishery Demonstrator Training Course,https://blogger.googleusercontent.com/img/b/R29vZ2xl/AVvXsEjQu9L2IalAcrGuysHQX5E_Neu9dtaurooKk-iKmORchMXoPsQxuA7h6EP-0Z6izV7lN1io_BHvngZMIKWYFDtqJK88ZxmyFk8WIRUWkCe6iz8EvR9wjVX8qrRs2h9joSD_jizg69PSvim3/s1600/sun.gif,"    Applications are invited from the intending candidates who are citizen of India for undergoing 12 months Fishery Demonstrator Training Course  under Directorate of Fisheries, Assam, Guwahati&nbsp; additionally conducted by the Fishery Department for the session 2018-19....",,[]
CUET UG 2025 Notification – Submit Online Application,https://blogger.googleusercontent.com/img/b/R29vZ2xl/AVvXsEjjPsxPyks3QioW5062UYklwhUAOedaWjpPJ3YwrINeB4GdTVXq1tYsL8ncYqWloD-BTbNYPyd3WhaZbaIluql7LDlLzoCd7CCbKSZU30UElPFK9JZOGQHyS1EbwHkey9g59jgonvPgnG41Cp1Ct9WVHHibVkyX2yYn5YIUnghISzvvIUSoeE7njfpP/w360-h190-p-k-no-nu/cuet-2023.jpg,"CUET UG 2025 The Common University Entrance Test [CUET (UG) - 2025] is an all-India test conducted by National Testing Agency (NTA) for  admission to various Undergraduate Programmes  in Central Universities under Ministry of Education, and other participating Universities...",https://www.assamcareer.com/2023/01/cuet-ug.html#more,"[{'jump_name': 'Category', 'jump_url': ''}, {'jump_name': 'General', 'jump_url': ''}, {'jump_name': 'OBC- (NCL) / EWS', 'jump_url': ''}, {'jump_name': 'SC/ST/PwBD/ Third gender', 'jump_url': ''}, {'jump_name': 'Centres outside India', 'jump_url': ''}]"
"NCET 2025 – National Common Entrance Test, Online Apply",https://blogger.googleusercontent.com/img/b/R29vZ2xl/AVvXsEjQu9L2IalAcrGuysHQX5E_Neu9dtaurooKk-iKmORchMXoPsQxuA7h6EP-0Z6izV7lN1io_BHvngZMIKWYFDtqJK88ZxmyFk8WIRUWkCe6iz8EvR9wjVX8qrRs2h9joSD_jizg69PSvim3/s1600/sun.gif,NCET 2025 National Testing Agency (NTA)  has released the official notification of National Common Entrance Test [NCET] 2025 . This year NCET 2025 will be conducted on 29th April 2025 (Tuesday). This article will guide all aspirants to know all details of NCET.&nbsp; ...,https://www.assamcareer.com/2022/04/ncet.html#more,"[{'jump_name': 'Category', 'jump_url': ''}, {'jump_name': 'General (UR)', 'jump_url': ''}, {'jump_name': 'OBC)- (NCL)/ EWS', 'jump_url': ''}, {'jump_name': 'SC/ST/PwBD/ Third gender', 'jump_url': ''}]"
AAU ODL Admission 2025 – Submit Online Application (February 2025),https://blogger.googleusercontent.com/img/b/R29vZ2xl/AVvXsEjQu9L2IalAcrGuysHQX5E_Neu9dtaurooKk-iKmORchMXoPsQxuA7h6EP-0Z6izV7lN1io_BHvngZMIKWYFDtqJK88ZxmyFk8WIRUWkCe6iz8EvR9wjVX8qrRs2h9joSD_jizg69PSvim3/s1600/sun.gif,"AAU ODL Admission 2025  Directorate of Open &amp; Distance Learning, Assam Agricultural University (AAU-ODL)  has released the official admission notification for various short-term training and certificate courses  to be started from March 2025 . Interested and eligible...",https://www.assamcareer.com/2023/08/aau-odl-admission.html#more,"[{'jump_name': 'Sl No.', 'jump_url': ''}, {'jump_name': '1', 'jump_url': ''}, {'jump_name': '2', 'jump_url': ''}]"
NEET Application Form 2025 – National Eligibility cum Entrance Test (UG),https://blogger.googleusercontent.com/img/b/R29vZ2xl/AVvXsEjQu9L2IalAcrGuysHQX5E_Neu9dtaurooKk-iKmORchMXoPsQxuA7h6EP-0Z6izV7lN1io_BHvngZMIKWYFDtqJK88ZxmyFk8WIRUWkCe6iz8EvR9wjVX8qrRs2h9joSD_jizg69PSvim3/s1600/sun.gif,NEET Application Form 2025 The National Eligibility cum Entrance Test (NEET)  is the entrance test for admission into various undergraduate medical courses in all medical institutions of India. The National Testing Agency (NTA)  usually conducts NEET-UG Exam once in a...,https://www.assamcareer.com/2021/07/neet-application.html#more,"[{'jump_name': 'Category', 'jump_url': ''}, {'jump_name': 'General', 'jump_url': ''}, {'jump_name': 'General-EWS/ OBC-NCL', 'jump_url': ''}, {'jump_name': 'SC/ST/PwBD/Third Gender', 'jump_url': ''}]"
CMAT 2025 – Common Management Admission Test Admit Card Download,https://blogger.googleusercontent.com/img/b/R29vZ2xl/AVvXsEjQu9L2IalAcrGuysHQX5E_Neu9dtaurooKk-iKmORchMXoPsQxuA7h6EP-0Z6izV7lN1io_BHvngZMIKWYFDtqJK88ZxmyFk8WIRUWkCe6iz8EvR9wjVX8qrRs2h9joSD_jizg69PSvim3/s1600/sun.gif,"CMAT 2025 National Testing Agency (NTA) has released the official notification of Common Management Admission Test - 2025 . This year CMAT 2025 will be conducted on 25th January, 2025. This article helps all aspirants to know all details of CMAT.&nbsp; &amp;nbs...",https://www.assamcareer.com/2019/10/cmat.html#more,"[{'jump_name': 'Category', 'jump_url': ''}, {'jump_name': 'General', 'jump_url': ''}, {'jump_name': 'Gen-EWS/ SC/ST/PwD /OBC-(NCL)', 'jump_url': ''}, {'jump_name': 'Third gender', 'jump_url': ''}]"
Sainik School Admission 2025 – Online Apply for AISSEE 2025,https://blogger.googleusercontent.com/img/b/R29vZ2xl/AVvXsEjQu9L2IalAcrGuysHQX5E_Neu9dtaurooKk-iKmORchMXoPsQxuA7h6EP-0Z6izV7lN1io_BHvngZMIKWYFDtqJK88ZxmyFk8WIRUWkCe6iz8EvR9wjVX8qrRs2h9joSD_jizg69PSvim3/s1600/sun.gif,"Sainik School Admission 2025 The National Testing Agency (NTA)  has released  official notification  of All India Sainik Schools Entrance Examination (AISSEE) 2025 for the admission into to Class VI and  Class IX in 33 Sainik Schools across the country, for the academic...",https://www.assamcareer.com/2020/10/sainik-school-admission.html#more,"[{'jump_name': 'Category', 'jump_url': ''}, {'jump_name': 'SC/ ST', 'jump_url': ''}, {'jump_name': 'Others', 'jump_url': ''}]"
GATE Online Form 2025 – Graduate Aptitude Test in Engineering,https://blogger.googleusercontent.com/img/b/R29vZ2xl/AVvXsEjQu9L2IalAcrGuysHQX5E_Neu9dtaurooKk-iKmORchMXoPsQxuA7h6EP-0Z6izV7lN1io_BHvngZMIKWYFDtqJK88ZxmyFk8WIRUWkCe6iz8EvR9wjVX8qrRs2h9joSD_jizg69PSvim3/s1600/sun.gif,"  GATE Notification 2025  &nbsp; Indian Institute of Technology (IIT), Roorkee  has released the official notification for the Graduate Aptitude Test in Engineering (GATE) 2025 . GATE 2025 will be conducted for 30 subjects  (also referred to as “papers”) and it would be...",https://www.assamcareer.com/2020/11/gate.html#more,"[{'jump_name': 'Category/ paper', 'jump_url': ''}, {'jump_name': 'Female/SC/ST/PwD', 'jump_url': ''}, {'jump_name': 'Others', 'jump_url': ''}]"
CUET (PG) Notification 2025 – Submit Online Application,https://blogger.googleusercontent.com/img/b/R29vZ2xl/AVvXsEjQu9L2IalAcrGuysHQX5E_Neu9dtaurooKk-iKmORchMXoPsQxuA7h6EP-0Z6izV7lN1io_BHvngZMIKWYFDtqJK88ZxmyFk8WIRUWkCe6iz8EvR9wjVX8qrRs2h9joSD_jizg69PSvim3/s1600/sun.gif,CUET PG 2025 Common University Entrance Test (CUET) Post Graduate (PG) 2025  is an all India level competitive examination for admission into Postgraduate Programmes  in Central and other participating Universities / Institutions / Organizations / Autonomous Colleges....,https://www.assamcareer.com/2024/01/cuet-pg.html#more,"[{'jump_name': 'Online Application Form', 'jump_url': 'https://cuetpg.ntaonline.in/'}, {'jump_name': 'Participating Universities', 'jump_url': 'https://cuetpg-university2025.ntaonline.in/'}, {'jump_name': 'CUET Syllabus', 'jump_url': 'https://exams.nta.ac.in/CUET-PG/syllabus.html'}, {'jump_name': 'Information Brochure', 'jump_url': 'https://exams.nta.ac.in/CUET-PG/images/ib-of-cuet-pg-2025.pdf'}, {'jump_name': 'Official Notification', 'jump_url': 'https://exams.nta.ac.in/CUET-PG/images/public-notice-regarding-registration-of-cuet-pg-2025.pdf'}, {'jump_name': 'Official Website', 'jump_url': 'https://cdnasb.samarth.ac.in/site-admin23/pn/IBCUETUG2023.pdf'}]"
CSIR UGC NET Notification December 2024 – Submit Online Application,https://blogger.googleusercontent.com/img/b/R29vZ2xl/AVvXsEjQu9L2IalAcrGuysHQX5E_Neu9dtaurooKk-iKmORchMXoPsQxuA7h6EP-0Z6izV7lN1io_BHvngZMIKWYFDtqJK88ZxmyFk8WIRUWkCe6iz8EvR9wjVX8qrRs2h9joSD_jizg69PSvim3/s1600/sun.gif,"CSIR UGC NET Exam 2024 Council of Scientific &amp; Industrial Research (CSIR) has released the official notification of Joint CSIR-UGC NET Examination December 2024 . On behalf of CSIR, the National Testing Agency (NTA)  will conduct Joint CSIR-UGC NET Exam. Interested...",https://www.assamcareer.com/2021/12/csir-ugc-net.html#more,"[{'jump_name': 'Category', 'jump_url': ''}, {'jump_name': 'General', 'jump_url': ''}, {'jump_name': 'General-EWS/OBC(NCL)', 'jump_url': ''}, {'jump_name': 'SC/ST', 'jump_url': ''}, {'jump_name': 'Third gender', 'jump_url': ''}, {'jump_name': 'PWD', 'jump_url': ''}]"
ARGUCOM Sivasagar Admission 2021 – Know All Details Here,https://blogger.googleusercontent.com/img/b/R29vZ2xl/AVvXsEjyFhyphenhyphenrVvhibB0t8hi8uB0ZDo79MyB-bjM2hpqIvAIE3Re45hwdHUuQwiGE21nJeJrAkuRhEEJsqHlVW4897ckg_2dtavTEpiAdU6DPaldPcierRwR5rzn0tLJiEWJS4Gb0sim4IhgzUq0/w360-h190-p-k-no-nu/argucom-sivasagar-admission.jpg,"ARGUCOM Sivasagar Admission  Assam Rajiv Gandhi University of Co-operative Management, ARGUCOM, Sivasagar  has released the official notification 2021  for  admission  into various PG and Law courses. In this article, you will know about ARGUCOM Sivasagar Admission...",https://www.assamcareer.com/2021/07/argucom-sivasagar-admission.html#more,"[{'jump_name': '1', 'jump_url': ''}, {'jump_name': '2', 'jump_url': ''}, {'jump_name': '3', 'jump_url': ''}, {'jump_name': '4', 'jump_url': ''}, {'jump_name': '5', 'jump_url': ''}]"
Tezpur University MBA (Executive) Programme 2021,https://blogger.googleusercontent.com/img/b/R29vZ2xl/AVvXsEjQu9L2IalAcrGuysHQX5E_Neu9dtaurooKk-iKmORchMXoPsQxuA7h6EP-0Z6izV7lN1io_BHvngZMIKWYFDtqJK88ZxmyFk8WIRUWkCe6iz8EvR9wjVX8qrRs2h9joSD_jizg69PSvim3/s1600/sun.gif,Tezpur University MBA (Executive) Programme 2021 Tezpur University  has released the official notification for admission in to its MBA (Executive) Programme  for the session 2021-22. Eligible professionals may apply online for this three semester programme that will be...,,[]
Kendriya Vidyalaya Admission 2021 - KV Admission for Class I & II to XI,https://blogger.googleusercontent.com/img/b/R29vZ2xl/AVvXsEjQu9L2IalAcrGuysHQX5E_Neu9dtaurooKk-iKmORchMXoPsQxuA7h6EP-0Z6izV7lN1io_BHvngZMIKWYFDtqJK88ZxmyFk8WIRUWkCe6iz8EvR9wjVX8qrRs2h9joSD_jizg69PSvim3/s1600/sun.gif,Kendriya Vidyalaya Admission 2021 Kendriya Vidyalaya Sangathan  has released the official notification of Kendriya Vidyalaya Admission Process  for Academic Session 2021-22 . Interested and eligible students may submit application for admission  into Kendriya Vidyalaya...,https://www.assamcareer.com/2021/04/kendriya-vidyalaya-admission.html#more,[]
MSSV Nagaon Admission 2020 – Online Application for UG and PG Courses,https://blogger.googleusercontent.com/img/b/R29vZ2xl/AVvXsEjQu9L2IalAcrGuysHQX5E_Neu9dtaurooKk-iKmORchMXoPsQxuA7h6EP-0Z6izV7lN1io_BHvngZMIKWYFDtqJK88ZxmyFk8WIRUWkCe6iz8EvR9wjVX8qrRs2h9joSD_jizg69PSvim3/s1600/sun.gif,"MSSV Nagaon Admission 2020 Mahapurusha Srimanta Sankaradeva Viswavidyalaya (MSSV), Nagaon  has released the official admission notification for various Under Graduate and Post Graduate Programmes  for the session 2020-21. In this article, we will discuss about the various...",,[]
Meghalaya D.El.Ed Admission 2020 – Download Admit Card,https://blogger.googleusercontent.com/img/b/R29vZ2xl/AVvXsEjQu9L2IalAcrGuysHQX5E_Neu9dtaurooKk-iKmORchMXoPsQxuA7h6EP-0Z6izV7lN1io_BHvngZMIKWYFDtqJK88ZxmyFk8WIRUWkCe6iz8EvR9wjVX8qrRs2h9joSD_jizg69PSvim3/s1600/sun.gif,"Directorate of Educational Research and Training, Meghalaya  has released official notification for Meghalaya D.El.Ed Admission 2020 . In this article, you will know about Meghalaya D.El.Ed admission process, qualification, selection process, application form, admit...",,[]
"RGIPT Sivasagar Admission 2020 – Check Eligibility Criteria, Application Form & Important Dates",https://blogger.googleusercontent.com/img/b/R29vZ2xl/AVvXsEjQu9L2IalAcrGuysHQX5E_Neu9dtaurooKk-iKmORchMXoPsQxuA7h6EP-0Z6izV7lN1io_BHvngZMIKWYFDtqJK88ZxmyFk8WIRUWkCe6iz8EvR9wjVX8qrRs2h9joSD_jizg69PSvim3/s1600/sun.gif,"Rajiv Gandhi Institute of Petroleum Technology (RGIPT)  Sivasagar has released RGIPT Admission notification 2020  . In this article, you will know about  RGIPT Sivasagar Admission Procedure, Admission Fee, Courses offered, Application Form  and other important details....",,[]
Sericulture Assam Admission 2020 – One Year Certificate Course,https://blogger.googleusercontent.com/img/b/R29vZ2xl/AVvXsEjQu9L2IalAcrGuysHQX5E_Neu9dtaurooKk-iKmORchMXoPsQxuA7h6EP-0Z6izV7lN1io_BHvngZMIKWYFDtqJK88ZxmyFk8WIRUWkCe6iz8EvR9wjVX8qrRs2h9joSD_jizg69PSvim3/s1600/sun.gif,"Sericulture Assam Admission 2020 Sericulture Department, Assam  has released the admission notification  for the One Year Certificate Course Training  in the Sericulture Training Institute, Assam, Titabor  for the session 2020-2021. Interested candidates may apply here...",https://www.assamcareer.com/2020/09/sericulture-assam-admission.html#more,[]
"RIO, Gauhati Medical College, Guwahati Admission 2020 : B. Sc Optometry Course",https://blogger.googleusercontent.com/img/b/R29vZ2xl/AVvXsEjQu9L2IalAcrGuysHQX5E_Neu9dtaurooKk-iKmORchMXoPsQxuA7h6EP-0Z6izV7lN1io_BHvngZMIKWYFDtqJK88ZxmyFk8WIRUWkCe6iz8EvR9wjVX8qrRs2h9joSD_jizg69PSvim3/s1600/sun.gif,"Directorate of Medical Education (DME), Assam  has released the official admission notification 2020  for 3 (Three) years Degree in B. Sc Optometry course  at Regional Institute of Ophthalmology, (RIO) Gauhati Medical College, Guwahati  under Srimanta Sankaradeva University...",,[]
"CMS, Dibrugarh University MBA Admission 2020, Online Application",https://blogger.googleusercontent.com/img/b/R29vZ2xl/AVvXsEjQu9L2IalAcrGuysHQX5E_Neu9dtaurooKk-iKmORchMXoPsQxuA7h6EP-0Z6izV7lN1io_BHvngZMIKWYFDtqJK88ZxmyFk8WIRUWkCe6iz8EvR9wjVX8qrRs2h9joSD_jizg69PSvim3/s1600/sun.gif,"Centre for Management Studies (CMS), Dibrugarh University  has released the official admission notification  for AICTE approved Two Year (Four Semester) MBA (FT) Programme and Three Year (Modular) MBA (PT) Programme  for the session 2020-2021. Eligible candidates may...",,[]
"Gauhati University B. Music Admission 2020, Details Inside",https://blogger.googleusercontent.com/img/b/R29vZ2xl/AVvXsEjQu9L2IalAcrGuysHQX5E_Neu9dtaurooKk-iKmORchMXoPsQxuA7h6EP-0Z6izV7lN1io_BHvngZMIKWYFDtqJK88ZxmyFk8WIRUWkCe6iz8EvR9wjVX8qrRs2h9joSD_jizg69PSvim3/s1600/sun.gif,"Gauhati University B. Music Admission 2020 Luit Konwar Rudra Barua State College of Music, Guwahati  has released official admission notification for First Semester Class of Bachelor of Music (B. Music) Degree Course of Gauhati University . Candidates may apply for admission...",,[]
Medical Colleges in Assam – Check All Details Here,https://blogger.googleusercontent.com/img/b/R29vZ2xl/AVvXsEjQu9L2IalAcrGuysHQX5E_Neu9dtaurooKk-iKmORchMXoPsQxuA7h6EP-0Z6izV7lN1io_BHvngZMIKWYFDtqJK88ZxmyFk8WIRUWkCe6iz8EvR9wjVX8qrRs2h9joSD_jizg69PSvim3/s1600/sun.gif,"Looking for the medical colleges in Assam ? Here is a list of medical Colleges in Assam. These colleges offer BAMS, BHMS, MBBS, BDS and MD courses in various medical disciplines.     Here is the complete list of medical colleges in Assam.    Medical Colleges in Assam...",,[]
Engineering Colleges in Assam – Check All Details Here,https://blogger.googleusercontent.com/img/b/R29vZ2xl/AVvXsEjQu9L2IalAcrGuysHQX5E_Neu9dtaurooKk-iKmORchMXoPsQxuA7h6EP-0Z6izV7lN1io_BHvngZMIKWYFDtqJK88ZxmyFk8WIRUWkCe6iz8EvR9wjVX8qrRs2h9joSD_jizg69PSvim3/s1600/sun.gif,Looking for the engineering colleges in Assam ? Here is a list of Engineering Colleges in Assam. These colleges offer B.E. and B.Tech courses in various engineering branches/streams.        Government Engineering Colleges in Assam   &nbsp;    &nbsp; ...,https://www.assamcareer.com/2013/05/engineering-colleges-in-assam.html#more,[]
"Assam Women's University Admission – UG and PG Courses, Online Apply",https://blogger.googleusercontent.com/img/b/R29vZ2xl/AVvXsEjQu9L2IalAcrGuysHQX5E_Neu9dtaurooKk-iKmORchMXoPsQxuA7h6EP-0Z6izV7lN1io_BHvngZMIKWYFDtqJK88ZxmyFk8WIRUWkCe6iz8EvR9wjVX8qrRs2h9joSD_jizg69PSvim3/s1600/sun.gif,"Assam Women's University Admission 2020     Assam Women's University (AWU), Jorhat  has released the official notification 2020  for admission into various UG and PG courses . In this article, you will know about AWU Jorhat Admission Procedure, Admission Fee, Courses...",https://www.assamcareer.com/2021/07/assam-women-university-admission.html#more,[]
