https://www.assamcareer.com/search/label/Admission,"<div>
<div>
<h1>
<a href=""https://www.assamcareer.com/2023/01/cuet-ug.html"">CUET UG 2025 Notification – Submit Online Application</a>
</h1>
<div>
<div>
<img alt=""CUET UG 2025 Notification – Submit Online Application"" class=""post-thumb"" original=""https://blogger.googleusercontent.com/img/b/R29vZ2xl/AVvXsEjjPsxPyks3QioW5062UYklwhUAOedaWjpPJ3YwrINeB4GdTVXq1tYsL8ncYqWloD-BTbNYPyd3WhaZbaIluql7LDlLzoCd7CCbKSZU30UElPFK9JZOGQHyS1EbwHkey9g59jgonvPgnG41Cp1Ct9WVHHibVkyX2yYn5YIUnghISzvvIUSoeE7njfpP/w360-h190-p-k-no-nu/cuet-2023.jpg"" src=""https://blogger.googleusercontent.com/img/b/R29vZ2xl/AVvXsEjjPsxPyks3QioW5062UYklwhUAOedaWjpPJ3YwrINeB4GdTVXq1tYsL8ncYqWloD-BTbNYPyd3WhaZbaIluql7LDlLzoCd7CCbKSZU30UElPFK9JZOGQHyS1EbwHkey9g59jgonvPgnG41Cp1Ct9WVHHibVkyX2yYn5YIUnghISzvvIUSoeE7njfpP/w360-h190-p-k-no-nu/cuet-2023.jpg"" title=""cuet-2023""/>
</div>
<div>
<div>
CUET UG 2025 The Common University Entrance Test [CUET (UG) - 2025] is an all-India test conducted by National Testing Agency (NTA) for admission to",[]
https://www.assamcareer.com/search/label/Admission?updated-max=2024-07-20T22:07:00%2B05:30&max-results=20&start=20&by-date=false,"<div>
<div>
<h1>
<a href=""https://www.assamcareer.com/2022/05/dibrugarh-university-b-ed-admission.html"">Dibrugarh University B.Ed Admission 2024 – Check DU B.Ed CET Result</a>
</h1>
<div>
<div>
<img alt=""Dibrugarh University B.Ed Admission 2024 – Check DU B.Ed CET Result"" class=""post-thumb"" original=""https://blogger.googleusercontent.com/img/b/R29vZ2xl/AVvXsEjuLCaedTr_bWh9dzCrxJwDk_dGZWP-4OSmWTN3fL5ajSg9C08UdRs6FY2FwAqPI9XGUA71vxmEdApjUnHhB4mNbvFlvc1qP-eDG5dEfmldw81fGODdO0TW_rS75NRn0kQLXsu-38hm_0ISIdBzupkQZQq-2dVyEQIPJ72V0lDjZIMOlJpiH8tPqQTk/w360-h190-p-k-no-nu/dibrugarh-university.webp"" src=""https://blogger.googleusercontent.com/img/b/R29vZ2xl/AVvXsEjuLCaedTr_bWh9dzCrxJwDk_dGZWP-4OSmWTN3fL5ajSg9C08UdRs6FY2FwAqPI9XGUA71vxmEdApjUnHhB4mNbvFlvc1qP-eDG5dEfmldw81fGODdO0TW_rS75NRn0kQLXsu-38hm_0ISIdBzupkQZQq-2dVyEQIPJ72V0lDjZIMOlJpiH8tPqQTk/w360-h190-p-k-no-nu/dibrugarh-university.webp"" title=""dibrugarh-university""/>
</div>
<div>
<div>
DU B.Ed CET Result 2024 Dibrugarh University has released","[
    {
        ""post_title"": ""Dibrugarh University B.Ed Admission 2024 – Check DU B.Ed CET Result"",
        ""post_image_url"": ""https://blogger.googleusercontent.com/img/b/R29vZ2xl/AVvXsEjuLCaedTr_bWh9dzCrxJwDk_dGZWP-4OSmWTN3fL5ajSg9C08UdRs6FY2FwAqPI9XGUA71vxmEdApjUnHhB4mNbvFlvc1qP-eDG5dEfmldw81fGODdO0TW_rS75NRn0kQLXsu-38hm_0ISIdBzupkQZQq-2dVyEQIPJ72V0lDjZIMOlJpiH8tPqQTk/w360-h190-p-k-no-nu/dibrugarh-university.webp"",
        ""snippet_summary"": ""DU B.Ed CET Result 2024 Dibrugarh University has released the results of the Dibrugarh University B.Ed. Common Entrance Test 2024. Candidates who applied online and appeared in the entrance examination conducted by the university on 13th July 2024, may now download their..."",
        ""jump_link"": ""https://www.assamcareer.com/2022/05/dibrugarh-university-b-ed-admission.html#more""
    },
    {
        ""post_title"": ""DBHRGFTI Admission 2024 – Film Making, Acting & Sound Engineering Courses in Assam"",
        ""post_image_url"": ""https://blogger.goog"
https://www.assamcareer.com/search/label/Admission?updated-max=2024-05-07T20:55:00%2B05:30&max-results=20&start=40&by-date=false,"<div>
<div>
<h1>
<a href=""https://www.assamcareer.com/2020/02/jee-advanced.html"">JEE Advanced 2024 – Joint Entrance Examination (Advanced), Online Apply</a>
</h1>
<div>
<div>
<img alt=""JEE Advanced 2024 – Joint Entrance Examination (Advanced), Online Apply"" class=""post-thumb"" original=""https://blogger.googleusercontent.com/img/b/R29vZ2xl/AVvXsEjrkzpxsq5FyFWWDVHy_4_CdeAEyuJVPjl8L8fFGR_LT7ELBjOVFAKb5IRgLgu2mfTab3SPccT1H7RQlkduGL1S1oPVi_9pNbTqcMErh2cdAVPIRHTLNG9ltJmwBH5WZTHTT4CsCwV9GX0fLJSPsn63Gv7J-bSy8lCE1GLG9BAb9rUgV_kc65Lde4tcZGY/w360-h190-p-k-no-nu/jee-advanced.jpg"" src=""https://blogger.googleusercontent.com/img/b/R29vZ2xl/AVvXsEjrkzpxsq5FyFWWDVHy_4_CdeAEyuJVPjl8L8fFGR_LT7ELBjOVFAKb5IRgLgu2mfTab3SPccT1H7RQlkduGL1S1oPVi_9pNbTqcMErh2cdAVPIRHTLNG9ltJmwBH5WZTHTT4CsCwV9GX0fLJSPsn63Gv7J-bSy8lCE1GLG9BAb9rUgV_kc65Lde4tcZGY/w360-h190-p-k-no-nu/jee-advanced.jpg"" title=""jee-advanced""/>
</div>
<div>
<div>
JEE Advanced 2024 Indian Institute of Technology (IIT) Madras has released the official noti","[
    {
        ""post_title"": ""JEE Advanced 2024 – Joint Entrance Examination (Advanced), Online Apply"",
        ""post_image_url"": ""https://blogger.googleusercontent.com/img/b/R29vZ2xl/AVvXsEjrkzpxsq5FyFWWDVHy_4_CdeAEyuJVPjl8L8fFGR_LT7ELBjOVFAKb5IRgLgu2mfTab3SPccT1H7RQlkduGL1S1oPVi_9pNbTqcMErh2cdAVPIRHTLNG9ltJmwBH5WZTHTT4CsCwV9GX0fLJSPsn63Gv7J-bSy8lCE1GLG9BAb9rUgV_kc65Lde4tcZGY/w360-h190-p-k-no-nu/jee-advanced.jpg"",
        ""snippet_summary"": ""JEE Advanced 2024 Indian Institute of Technology (IIT) Madras  has released the official notification of Joint Entrance Examination (Advanced) [JEE (Advanced) ] 2024 . Interested and eligible candidates may apply online  here . &amp;nbs..."",
        ""jump_link"": ""https://www.assamcareer.com/2020/02/jee-advanced.html#more""
    },
    {
        ""post_title"": ""AIIMS Admission 2024 – BSc Nursing Application Form, Online Apply"",
        ""post_image_url"": ""https://blogger.googleusercontent.com/img/b/R29vZ2xl/AVvXsEjQu9L2IalAcrGuysHQX5E_Neu9dtaurooKk-iK"
https://www.assamcareer.com/search/label/Admission?updated-max=2021-08-03T21:39:00%2B05:30&max-results=20&start=60&by-date=false,"<div>
<div>
<h1>
<a href=""https://www.assamcareer.com/2021/07/argucom-sivasagar-admission.html"">ARGUCOM Sivasagar Admission 2021 – Know All Details Here</a>
</h1>
<div>
<div>
<img alt=""ARGUCOM Sivasagar Admission 2021 – Know All Details Here"" class=""post-thumb"" original=""https://blogger.googleusercontent.com/img/b/R29vZ2xl/AVvXsEjyFhyphenhyphenrVvhibB0t8hi8uB0ZDo79MyB-bjM2hpqIvAIE3Re45hwdHUuQwiGE21nJeJrAkuRhEEJsqHlVW4897ckg_2dtavTEpiAdU6DPaldPcierRwR5rzn0tLJiEWJS4Gb0sim4IhgzUq0/w360-h190-p-k-no-nu/argucom-sivasagar-admission.jpg"" src=""https://blogger.googleusercontent.com/img/b/R29vZ2xl/AVvXsEjyFhyphenhyphenrVvhibB0t8hi8uB0ZDo79MyB-bjM2hpqIvAIE3Re45hwdHUuQwiGE21nJeJrAkuRhEEJsqHlVW4897ckg_2dtavTEpiAdU6DPaldPcierRwR5rzn0tLJiEWJS4Gb0sim4IhgzUq0/w360-h190-p-k-no-nu/argucom-sivasagar-admission.jpg"" title=""argucom-sivasagar-admission""/>
</div>
<div>
<div>
 ARGUCOM Sivasagar Admission   Assam Rajiv Gandhi University of Co-operative Management, ARGUCOM, Sivasagar has released the official noti",[]
https://www.assamcareer.com/search/label/Admission?updated-max=2020-06-27T20:48:00%2B05:30&max-results=20&start=74&by-date=false,"<div>
<div>
<h1>
<a href=""https://www.assamcareer.com/2019/10/gpat.html"">GPAT 2024 – Graduate Pharmacy Aptitude Test, Online Apply</a>
</h1>
<div>
<div>
<img alt=""GPAT 2024 – Graduate Pharmacy Aptitude Test, Online Apply"" class=""post-thumb"" original=""https://blogger.googleusercontent.com/img/b/R29vZ2xl/AVvXsEjv9m4xf_hpiuHe_ntWpXAKk7lAmiL6IOISWGKNaKuIJnxilZyiTtqzv18Hgunl6ECNUKn_L_UVCv1XnlT_knvrApjq1iyCDTecT7dPYMw7i0da_fSCn1usd7aYZkq3kqLJ3ZaAN7yh6Hw/w360-h190-p-k-no-nu/CMAT-2020.png"" src=""https://blogger.googleusercontent.com/img/b/R29vZ2xl/AVvXsEjv9m4xf_hpiuHe_ntWpXAKk7lAmiL6IOISWGKNaKuIJnxilZyiTtqzv18Hgunl6ECNUKn_L_UVCv1XnlT_knvrApjq1iyCDTecT7dPYMw7i0da_fSCn1usd7aYZkq3kqLJ3ZaAN7yh6Hw/w360-h190-p-k-no-nu/CMAT-2020.png"" title=""CMAT-2020""/>
</div>
<div>
<div>
  The GPAT 2020 will be conduct by National Testing Agency (NTA) on the same pattern as per the Year 2019 i.e., Computer Based Test on January 28, 2020 from 02.30 p.m. to 05.30 p.m. for admission to M. pharma or its equivalent course","[
    {
        ""post_title"": ""GPAT 2024 – Graduate Pharmacy Aptitude Test, Online Apply"",
        ""post_image_url"": ""https://blogger.googleusercontent.com/img/b/R29vZ2xl/AVvXsEjv9m4xf_hpiuHe_ntWpXAKk7lAmiL6IOISWGKNaKuIJnxilZyiTtqzv18Hgunl6ECNUKn_L_UVCv1XnlT_knvrApjq1iyCDTecT7dPYMw7i0da_fSCn1usd7aYZkq3kqLJ3ZaAN7yh6Hw/w360-h190-p-k-no-nu/CMAT-2020.png"",
        ""snippet_summary"": ""    The GPAT 2020  will be conduct by National Testing Agency (NTA)  on the same pattern as per the Year 2019 i.e., Computer Based Test on January 28, 2020  from 02.30 p.m. to 05.30 p.m. for admission to M. pharma or its equivalent courses across the country.&nbsp;   The..."",
        ""jump_link"": """",
        ""jump_table"": [],
        ""error"": false
    },
    {
        ""post_title"": ""NPTI Guwahati Admission Notice 2019 – 26 Weeks’ PDC–T&D Course [60 seats]"",
        ""post_image_url"": ""https://blogger.googleusercontent.com/img/b/R29vZ2xl/AVvXsEjQu9L2IalAcrGuysHQX5E_Neu9dtaurooKk-iKmORchMXoPsQxuA7h6EP-0Z6izV7lN1"
https://www.assamcareer.com/search/label/Admission,"<div>
<div>
<h1>
<a href=""https://www.assamcareer.com/2023/01/cuet-ug.html"">CUET UG 2025 Notification – Submit Online Application</a>
</h1>
<div>
<div>
<img alt=""CUET UG 2025 Notification – Submit Online Application"" class=""post-thumb"" original=""https://blogger.googleusercontent.com/img/b/R29vZ2xl/AVvXsEjjPsxPyks3QioW5062UYklwhUAOedaWjpPJ3YwrINeB4GdTVXq1tYsL8ncYqWloD-BTbNYPyd3WhaZbaIluql7LDlLzoCd7CCbKSZU30UElPFK9JZOGQHyS1EbwHkey9g59jgonvPgnG41Cp1Ct9WVHHibVkyX2yYn5YIUnghISzvvIUSoeE7njfpP/w360-h190-p-k-no-nu/cuet-2023.jpg"" src=""https://blogger.googleusercontent.com/img/b/R29vZ2xl/AVvXsEjjPsxPyks3QioW5062UYklwhUAOedaWjpPJ3YwrINeB4GdTVXq1tYsL8ncYqWloD-BTbNYPyd3WhaZbaIluql7LDlLzoCd7CCbKSZU30UElPFK9JZOGQHyS1EbwHkey9g59jgonvPgnG41Cp1Ct9WVHHibVkyX2yYn5YIUnghISzvvIUSoeE7njfpP/w360-h190-p-k-no-nu/cuet-2023.jpg"" title=""cuet-2023""/>
</div>
<div>
<div>
CUET UG 2025 The Common University Entrance Test [CUET (UG) - 2025] is an all-India test conducted by National Testing Agency (NTA) for admission to","[
    {
        ""post_title"": ""CUET UG 2025 Notification – Submit Online Application"",
        ""post_image_url"": ""https://blogger.googleusercontent.com/img/b/R29vZ2xl/AVvXsEjjPsxPyks3QioW5062UYklwhUAOedaWjpPJ3YwrINeB4GdTVXq1tYsL8ncYqWloD-BTbNYPyd3WhaZbaIluql7LDlLzoCd7CCbKSZU30UElPFK9JZOGQHyS1EbwHkey9g59jgonvPgnG41Cp1Ct9WVHHibVkyX2yYn5YIUnghISzvvIUSoeE7njfpP/w360-h190-p-k-no-nu/cuet-2023.jpg"",
        ""snippet_summary"": ""CUET UG 2025 The Common University Entrance Test [CUET (UG) - 2025] is an all-India test conducted by National Testing Agency (NTA) for  admission to various Undergraduate Programmes  in Central Universities under Ministry of Education, and other participating Universities..."",
        ""jump_link"": ""https://www.assamcareer.com/2023/01/cuet-ug.html#more""
    },
    {
        ""post_title"": ""NCET 2025 – National Common Entrance Test, Online Apply"",
        ""post_image_url"": ""https://blogger.googleusercontent.com/img/b/R29vZ2xl/AVvXsEjQu9L2IalAcrGuysHQX5E_Neu9dtaurooKk-iKmO"
https://www.assamcareer.com/search/label/Admission?updated-max=2024-07-20T22:07:00%2B05:30&max-results=20&start=20&by-date=false,"<div>
<div>
<h1>
<a href=""https://www.assamcareer.com/2022/05/dibrugarh-university-b-ed-admission.html"">Dibrugarh University B.Ed Admission 2024 – Check DU B.Ed CET Result</a>
</h1>
<div>
<div>
<img alt=""Dibrugarh University B.Ed Admission 2024 – Check DU B.Ed CET Result"" class=""post-thumb"" original=""https://blogger.googleusercontent.com/img/b/R29vZ2xl/AVvXsEjuLCaedTr_bWh9dzCrxJwDk_dGZWP-4OSmWTN3fL5ajSg9C08UdRs6FY2FwAqPI9XGUA71vxmEdApjUnHhB4mNbvFlvc1qP-eDG5dEfmldw81fGODdO0TW_rS75NRn0kQLXsu-38hm_0ISIdBzupkQZQq-2dVyEQIPJ72V0lDjZIMOlJpiH8tPqQTk/w360-h190-p-k-no-nu/dibrugarh-university.webp"" src=""https://blogger.googleusercontent.com/img/b/R29vZ2xl/AVvXsEjuLCaedTr_bWh9dzCrxJwDk_dGZWP-4OSmWTN3fL5ajSg9C08UdRs6FY2FwAqPI9XGUA71vxmEdApjUnHhB4mNbvFlvc1qP-eDG5dEfmldw81fGODdO0TW_rS75NRn0kQLXsu-38hm_0ISIdBzupkQZQq-2dVyEQIPJ72V0lDjZIMOlJpiH8tPqQTk/w360-h190-p-k-no-nu/dibrugarh-university.webp"" title=""dibrugarh-university""/>
</div>
<div>
<div>
DU B.Ed CET Result 2024 Dibrugarh University has released",[]
https://www.assamcareer.com/search/label/Admission?updated-max=2024-05-07T20:55:00%2B05:30&max-results=20&start=40&by-date=false,"<div>
<div>
<h1>
<a href=""https://www.assamcareer.com/2020/02/jee-advanced.html"">JEE Advanced 2024 – Joint Entrance Examination (Advanced), Online Apply</a>
</h1>
<div>
<div>
<img alt=""JEE Advanced 2024 – Joint Entrance Examination (Advanced), Online Apply"" class=""post-thumb"" original=""https://blogger.googleusercontent.com/img/b/R29vZ2xl/AVvXsEjrkzpxsq5FyFWWDVHy_4_CdeAEyuJVPjl8L8fFGR_LT7ELBjOVFAKb5IRgLgu2mfTab3SPccT1H7RQlkduGL1S1oPVi_9pNbTqcMErh2cdAVPIRHTLNG9ltJmwBH5WZTHTT4CsCwV9GX0fLJSPsn63Gv7J-bSy8lCE1GLG9BAb9rUgV_kc65Lde4tcZGY/w360-h190-p-k-no-nu/jee-advanced.jpg"" src=""https://blogger.googleusercontent.com/img/b/R29vZ2xl/AVvXsEjrkzpxsq5FyFWWDVHy_4_CdeAEyuJVPjl8L8fFGR_LT7ELBjOVFAKb5IRgLgu2mfTab3SPccT1H7RQlkduGL1S1oPVi_9pNbTqcMErh2cdAVPIRHTLNG9ltJmwBH5WZTHTT4CsCwV9GX0fLJSPsn63Gv7J-bSy8lCE1GLG9BAb9rUgV_kc65Lde4tcZGY/w360-h190-p-k-no-nu/jee-advanced.jpg"" title=""jee-advanced""/>
</div>
<div>
<div>
JEE Advanced 2024 Indian Institute of Technology (IIT) Madras has released the official noti",[]
https://www.assamcareer.com/search/label/Admission?updated-max=2021-08-03T21:39:00%2B05:30&max-results=20&start=60&by-date=false,"<div>
<div>
<h1>
<a href=""https://www.assamcareer.com/2021/07/argucom-sivasagar-admission.html"">ARGUCOM Sivasagar Admission 2021 – Know All Details Here</a>
</h1>
<div>
<div>
<img alt=""ARGUCOM Sivasagar Admission 2021 – Know All Details Here"" class=""post-thumb"" original=""https://blogger.googleusercontent.com/img/b/R29vZ2xl/AVvXsEjyFhyphenhyphenrVvhibB0t8hi8uB0ZDo79MyB-bjM2hpqIvAIE3Re45hwdHUuQwiGE21nJeJrAkuRhEEJsqHlVW4897ckg_2dtavTEpiAdU6DPaldPcierRwR5rzn0tLJiEWJS4Gb0sim4IhgzUq0/w360-h190-p-k-no-nu/argucom-sivasagar-admission.jpg"" src=""https://blogger.googleusercontent.com/img/b/R29vZ2xl/AVvXsEjyFhyphenhyphenrVvhibB0t8hi8uB0ZDo79MyB-bjM2hpqIvAIE3Re45hwdHUuQwiGE21nJeJrAkuRhEEJsqHlVW4897ckg_2dtavTEpiAdU6DPaldPcierRwR5rzn0tLJiEWJS4Gb0sim4IhgzUq0/w360-h190-p-k-no-nu/argucom-sivasagar-admission.jpg"" title=""argucom-sivasagar-admission""/>
</div>
<div>
<div>
 ARGUCOM Sivasagar Admission   Assam Rajiv Gandhi University of Co-operative Management, ARGUCOM, Sivasagar has released the official noti","[
    {
        ""post_title"": ""ARGUCOM Sivasagar Admission 2021 – Know All Details Here"",
        ""post_image_url"": ""https://blogger.googleusercontent.com/img/b/R29vZ2xl/AVvXsEjyFhyphenhyphenrVvhibB0t8hi8uB0ZDo79MyB-bjM2hpqIvAIE3Re45hwdHUuQwiGE21nJeJrAkuRhEEJsqHlVW4897ckg_2dtavTEpiAdU6DPaldPcierRwR5rzn0tLJiEWJS4Gb0sim4IhgzUq0/w360-h190-p-k-no-nu/argucom-sivasagar-admission.jpg"",
        ""snippet_summary"": ""ARGUCOM Sivasagar Admission  Assam Rajiv Gandhi University of Co-operative Management, ARGUCOM, Sivasagar  has released the official notification 2021  for  admission  into various PG and Law courses. In this article, you will know about ARGUCOM Sivasagar Admission..."",
        ""jump_link"": ""https://www.assamcareer.com/2021/07/argucom-sivasagar-admission.html#more""
    },
    {
        ""post_title"": ""Tezpur University MBA (Executive) Programme 2021"",
        ""post_image_url"": ""https://blogger.googleusercontent.com/img/b/R29vZ2xl/AVvXsEjQu9L2IalAcrGuysHQX5E_Neu9dtaurooKk-iKmORchMXoPsQ"
https://www.assamcareer.com/search/label/Admission?updated-max=2020-06-27T20:48:00%2B05:30&max-results=20&start=74&by-date=false,"<div>
<div>
<h1>
<a href=""https://www.assamcareer.com/2019/10/gpat.html"">GPAT 2024 – Graduate Pharmacy Aptitude Test, Online Apply</a>
</h1>
<div>
<div>
<img alt=""GPAT 2024 – Graduate Pharmacy Aptitude Test, Online Apply"" class=""post-thumb"" original=""https://blogger.googleusercontent.com/img/b/R29vZ2xl/AVvXsEjv9m4xf_hpiuHe_ntWpXAKk7lAmiL6IOISWGKNaKuIJnxilZyiTtqzv18Hgunl6ECNUKn_L_UVCv1XnlT_knvrApjq1iyCDTecT7dPYMw7i0da_fSCn1usd7aYZkq3kqLJ3ZaAN7yh6Hw/w360-h190-p-k-no-nu/CMAT-2020.png"" src=""https://blogger.googleusercontent.com/img/b/R29vZ2xl/AVvXsEjv9m4xf_hpiuHe_ntWpXAKk7lAmiL6IOISWGKNaKuIJnxilZyiTtqzv18Hgunl6ECNUKn_L_UVCv1XnlT_knvrApjq1iyCDTecT7dPYMw7i0da_fSCn1usd7aYZkq3kqLJ3ZaAN7yh6Hw/w360-h190-p-k-no-nu/CMAT-2020.png"" title=""CMAT-2020""/>
</div>
<div>
<div>
  The GPAT 2020 will be conduct by National Testing Agency (NTA) on the same pattern as per the Year 2019 i.e., Computer Based Test on January 28, 2020 from 02.30 p.m. to 05.30 p.m. for admission to M. pharma or its equivalent course",[]
